<?xml version="1.0" encoding="utf-8"?>
<extension type="component" version="1.6.0" method="upgrade">
    <name>com_fanpageAlbums</name>
    <creationDate>2013-01-16</creationDate>
    <copyright>Copyright (C) 2013. All rights reserved.</copyright>
    <license>GNU LESSER GENERAL PUBLIC LICENSE - Version 3, 29 June 2007</license>
    <author>Part-One</author>
    <authorEmail>pastor399@gmail.com</authorEmail>
    <authorUrl>http://www.part-one.net</authorUrl>
    <version>1.0.8</version>
    <description>Display photo albums from a facebook fanpage.  Multiple views and options.</description>
    
    <install> <!-- Runs on install -->
        <sql>
            <file driver="mysql" charset="utf8">sql/install.mysql.utf8.sql</file>
        </sql>
    </install>
    <uninstall> <!-- Runs on uninstall -->
        <sql>
            <file driver="mysql" charset="utf8">sql/uninstall.mysql.utf8.sql</file>
        </sql>
    </uninstall>

    <files folder="site">
        <filename>index.html</filename>
        <filename>fanpageAlbums.php</filename>
        <filename>controller.php</filename>
        <filename>router.php</filename>
        <folder>views</folder>
        <folder>models</folder>
        <folder>controllers</folder>
        <folder>helpers</folder>
    </files>
    <languages folder="site">
        <language tag="en-GB">language/en-GB.com_fanpageAlbums.ini
        </language>
    </languages>
    <administration>
        <menu img="components/com_fanpageAlbums/assets/images/s_com_fanpageAlbums.png" >COM_FANPAGEALBUMS</menu>
        <submenu>
            
			<menu link="option=com_fanpageAlbums&amp;view=facebookphotolinks" view="facebookphotolinks" img="components/com_fanpageAlbums/assets/images/s_facebookphotolinks.png" alt="FanpageAlbums/Facebookphotolinks">COM_FANPAGEALBUMS_TITLE_FACEBOOKPHOTOLINKS</menu>

        </submenu>
        <files folder="administrator">
            <filename>access.xml</filename>
            <filename>config.xml</filename>
            <filename>controller.php</filename>
            <filename>index.html</filename>
            <filename>fanpageAlbums.php</filename>
            <folder>controllers</folder>
            <folder>assets</folder>
            <folder>helpers</folder>
            <folder>models</folder>
            <folder>sql</folder>
            <folder>tables</folder>
            <folder>views</folder>
        </files>
        <languages folder="administrator">
            <language tag="en-GB">language/en-GB.com_fanpageAlbums.ini
            </language>
            <language tag="en-GB">language/en-GB.com_fanpageAlbums.sys.ini
            </language>
        </languages>
    </administration>
</extension>
<!-- Component built by the Joomla Component Creator -->
<!-- http://www.notwebdesign.com/joomla-component-creator/ -->
